{".current_iteration": 4, "6422|conditional_group_equilibration_component_0/6422|equilibration_simulation_component_0.output_coordinate_file": "working-directory/PreequilibratedSimulationLayer/7e22a8a0cd1c4b418d10d3f05c521529/6422_conditional_group_equilibration_component_0/6422_equilibration_simulation_component_0/output.pdb", "6422|conditional_group_equilibration_component_0/6422|equilibration_simulation_component_0.trajectory_file_path": "working-directory/PreequilibratedSimulationLayer/7e22a8a0cd1c4b418d10d3f05c521529/6422_conditional_group_equilibration_component_0/6422_equilibration_simulation_component_0/trajectory.dcd", "6422|conditional_group_equilibration_component_0/6422|equilibration_simulation_component_0.observables": {"observables": {"PotentialEnergy": {"value": {"value": {"value": [[-51207.651485137525], [-51245.75297402055], [-51230.22563903895], [-51253.29964403261], [-50942.57753187034], [-51247.24805309996], [-50963.36996507249], [-50984.971645870944], [-51108.44722416729], [-50958.338705580565], [-50963.80625279166], [-50857.10782511649], [-50823.67290064518], [-51120.898814165965], [-51048.08159774437], [-50701.63565890596], [-51120.47061989608], [-51291.909070973285], [-51180.13405273471], [-51679.33683351043], [-50999.386905947234], [-51200.88889843039], [-50899.801680507255], [-51214.20454253827], [-51036.13837424736], [-50985.24744531943], [-50917.63587873208], [-51138.18325027335], [-51348.10830842401], [-51052.6227596848], [-51209.75136671472], [-51162.65301600937], [-50923.33368451544], [-51402.05916813261], [-51136.71463157516], [-51485.86484572128], [-51403.328195047565], [-51195.24159270944], [-51076.72348247341], [-51418.96521317505], [-51204.96008668374], [-51307.504811412655], [-51438.01972418535], [-51113.16338383313], [-51260.38857227226], [-50913.18213330349], [-50759.25814494945], [-51375.02090053365], [-51333.68501888751], [-50914.20959558128], [-51390.58468146599], [-51130.15512960241], [-51250.702110973536], [-51112.26095767901], [-51106.21894669894], [-51279.25772817654], [-50731.51730024465], [-51387.03135817393], [-51274.02063085907], [-51059.39463978924], [-51065.88762751361], [-51606.89639830648], [-51250.84136498405], [-51001.51583010168], [-51470.88421916193], [-51083.745097537176], [-51139.171830471256], [-51432.53377324063], [-51179.7052528268], [-51148.67514427437], [-51057.91953916417], [-51082.30061497458], [-51392.95521524479], [-51388.00911991589], [-51131.53411059349], [-51195.8278886968], [-50888.41644249344], [-50929.32242262468], [-51266.478085006354], [-51064.89378635457]], "@type": "numpy.ndarray"}, "unit": "kilojoule / mole", "@type": "openff.evaluator.unit.Quantity"}, "gradients": [], "@type": "openff.evaluator.utils.observables.ObservableArray"}, "KineticEnergy": {"value": {"value": {"value": [[7594.934637799221], [7604.945670912989], [7596.929524924678], [7529.189335110284], [7491.95095894216], [7554.21667164303], [7669.118352678802], [7783.689747580704], [7264.452868652111], [7556.770788955201], [7705.814691945359], [7426.8022261525], [7229.703634374315], [7375.503474125672], [7858.668374670537], [7550.944299715543], [7516.330828217327], [7351.989190955755], [7752.188989330834], [7624.74898838378], [7573.961841361493], [7604.809100189284], [7377.683358170596], [7460.27575733641], [7680.47969360104], [7555.382617146987], [7771.584263105606], [7371.290727335684], [7503.992487565161], [7634.116268648068], [7500.465021902487], [7584.593612138765], [7658.941540980913], [7680.196192258011], [7491.228283877104], [7475.919934500506], [7666.088496103955], [7694.063667788026], [7471.823541457693], [7545.568880634149], [7489.551769797206], [7811.876587809319], [7658.475805535444], [7379.468696039095], [7484.481044305887], [7561.852653727365], [7317.394261919037], [7687.002030503029], [7634.876459423043], [7665.026697396269], [7530.071130659354], [7587.190264804975], [7367.141560449429], [7504.900760592508], [7697.959000823162], [7409.931966128914], [7690.008799732018], [7278.514936177877], [7548.122343250663], [7563.827750984291], [7437.11661384824], [7528.246192673153], [7599.345639875846], [7663.548372053087], [7845.517030459418], [7615.474722381014], [7607.841097795324], [7371.988265858896], [7568.40249014588], [7519.675850955907], [7478.691645332423], [7539.135083164856], [7517.096876882749], [7710.885638761724], [7492.098309779461], [7831.333662958513], [7624.71013364443], [7715.221266186221], [7441.819202064852], [7850.649330232442]], "@type": "numpy.ndarray"}, "unit": "kilojoule / mole", "@type": "openff.evaluator.unit.Quantity"}, "gradients": [], "@type": "openff.evaluator.utils.observables.ObservableArray"}, "TotalEnergy": {"value": {"value": {"value": [[-43612.71684733831], [-43640.80730310756], [-43633.29611411427], [-43724.110308922325], [-43450.62657292818], [-43693.03138145693], [-43294.25161239369], [-43201.28189829024], [-43843.994355515184], [-43401.56791662536], [-43257.99156084631], [-43430.30559896398], [-43593.96926627086], [-43745.39534004029], [-43189.41322307383], [-43150.691359190416], [-43604.139791678754], [-43939.91988001753], [-43427.94506340387], [-44054.587845126654], [-43425.42506458574], [-43596.07979824111], [-43522.11832233666], [-43753.92878520186], [-43355.65868064632], [-43429.864828172445], [-43146.05161562647], [-43766.89252293766], [-43844.115820858846], [-43418.50649103674], [-43709.28634481223], [-43578.05940387061], [-43264.392143534526], [-43721.8629758746], [-43645.48634769805], [-44009.94491122078], [-43737.23969894361], [-43501.177924921416], [-43604.89994101571], [-43873.3963325409], [-43715.40831688653], [-43495.62822360334], [-43779.5439186499], [-43733.69468779404], [-43775.90752796637], [-43351.329479576125], [-43441.86388303041], [-43688.018870030624], [-43698.80855946447], [-43249.18289818501], [-43860.51355080664], [-43542.96486479744], [-43883.56055052411], [-43607.360197086506], [-43408.259945875776], [-43869.32576204763], [-43041.50850051264], [-44108.51642199606], [-43725.898287608405], [-43495.56688880496], [-43628.77101366538], [-44078.65020563332], [-43651.49572510821], [-43337.96745804859], [-43625.36718870251], [-43468.27037515616], [-43531.33073267593], [-44060.545507381736], [-43611.30276268092], [-43628.99929331846], [-43579.22789383175], [-43543.16553180972], [-43875.85833836204], [-43677.123481154165], [-43639.43580081403], [-43364.49422573829], [-43263.70630884901], [-43214.10115643846], [-43824.65888294151], [-43214.24445612213]], "@type": "numpy.ndarray"}, "unit": "kilojoule / mole", "@type": "openff.evaluator.unit.Quantity"}, "gradients": [], "@type": "openff.evaluator.utils.observables.ObservableArray"},