{".current_iteration": 4, "6728|conditional_group_equilibration_component_0/6728|equilibration_simulation_component_0.output_coordinate_file": "working-directory/PreequilibratedSimulationLayer/e1d7979b299b4851bbf5a3936bc56b9f/6728_conditional_group_equilibration_component_0/6728_equilibration_simulation_component_0/output.pdb", "6728|conditional_group_equilibration_component_0/6728|equilibration_simulation_component_0.trajectory_file_path": "working-directory/PreequilibratedSimulationLayer/e1d7979b299b4851bbf5a3936bc56b9f/6728_conditional_group_equilibration_component_0/6728_equilibration_simulation_component_0/trajectory.dcd", "6728|conditional_group_equilibration_component_0/6728|equilibration_simulation_component_0.observables": {"observables": {"PotentialEnergy": {"value": {"value": {"value": [[122919.27877619676], [123564.06463758613], [122462.79742719956], [122623.31151021297], [123571.89732784964], [122662.02608674484], [122945.61890068043], [122359.3941843491], [123045.43318795296], [122558.83984420216], [123345.00375448773], [122505.55973044806], [122882.59776281612], [122855.82007704732], [122938.31916066389], [123011.7877199779], [122348.63461350532], [122417.52089777064], [122245.66976601108], [122633.8267463803], [123020.78686305962], [123042.72200390873], [123065.35097705876], [123551.33722524928], [122882.44922612922], [122451.30109288346], [123067.58354173217], [123172.58008190198], [123972.26565717733], [123253.57860449806], [122940.8157412511], [123279.74658951232], [123556.54253179683], [122355.13336102862], [122988.54248741407], [122858.25081675278], [123203.766183289], [123978.31403854756], [123201.43493676384], [122346.34452171916], [123156.09019809704], [123293.86019385116], [122916.05286148784], [122728.78478384844], [122648.55873530044], [122928.03080261662], [122331.90147762734], [123775.52955280512], [122078.11569582928], [122741.61834920908], [123188.79372885788], [123139.9918592663], [123427.9883371637], [122504.36440044512], [123441.31541083672], [122214.19830461884], [123569.15351257694], [122775.79070800135], [122914.43365788423], [123529.23313297656], [122673.98404805304], [123322.34904149816], [124336.3285802214], [123056.62857526143], [122476.0974693928], [122741.29187761505], [122360.6338685113], [122696.37490986484], [122752.25401819775], [123259.81588743848], [123668.53718403669], [123076.87366161204], [122445.43315228772], [122799.45118541154], [123566.49018896034], [123825.75474891708], [123536.22685572645], [123159.04047064646], [122715.18368161598], [123353.970052336]], "@type": "numpy.ndarray"}, "unit": "kilojoule / mole", "@type": "openff.evaluator.unit.Quantity"}, "gradients": [], "@type": "openff.evaluator.utils.observables.ObservableArray"}, "KineticEnergy": {"value": {"value": {"value": [[58013.07904790983], [58421.30999262796], [58546.407662444086], [58619.75763059288], [58884.44618929752], [58750.55660935174], [58989.0006206277], [59065.05871013051], [58431.27951990499], [58818.28622236734], [58429.70236314647], [57646.805352234], [58767.15737863044], [58979.11337778559], [58305.0107252598], [59046.39334063882], [58018.35500754874], [58312.25605778048], [58201.72238360679], [58397.489315097366], [58664.36006657137], [58465.83425790928], [58442.96025633792], [58859.157905970096], [58718.0462255723], [57816.02495101021], [58459.92083521283], [58683.30682041394], [58199.769290561264], [58593.02058365825], [59137.57271594629], [58507.83641314595], [58208.70755050869], [58001.756177046125], [58208.75417980238], [58754.65181515292], [58734.14477063946], [58420.9260146102], [58427.31482943712], [58610.01383237509], [58129.27919338907], [58330.78871824184], [59431.72123147738], [58353.956701223935], [58703.49914374106], [58614.46948173076], [58885.83544501651], [58455.99075676821], [59602.50225946654], [58946.681919725575], [59270.61966681102], [58970.03860363636], [58539.665916832346], [58358.01164405175], [58521.88010349451], [58614.3225722107], [58107.84718608415], [58748.23569488711], [58624.052191497736], [58106.98794486238], [58727.06336751302], [58488.32918563019], [58722.52576542252], [58927.50237869168], [59553.33444302925], [58477.11022834096], [58758.584564544144], [58871.13660128315], [59175.72572083316], [59061.5522028332], [58128.69518097125], [58036.583254892575], [58663.48984490156], [59112.878922838885], [58751.39007121362], [58611.5828096726], [58770.45766127376], [58372.50583221348], [58645.28132031663], [58516.4451844751]], "@type": "numpy.ndarray"}, "unit": "kilojoule / mole", "@type": "openff.evaluator.unit.Quantity"}, "gradients": [], "@type": "openff.evaluator.utils.observables.ObservableArray"}, "TotalEnergy": {"value": {"value": {"value": [[180932.35782410656], [181985.3746302141], [181009.20508964363], [181243.06914080583], [182456.34351714715], [181412.5826960966], [181934.61952130817], [181424.4528944796], [181476.71270785795], [181377.1260665695], [181774.7061176342], [180152.36508268205], [181649.7551414465], [181834.9334548329], [181243.32988592365], [182058.1810606167], [180366.9896210541], [180729.77695555112], [180447.39214961787], [181031.31606147767], [181685.14692963095], [181508.556261818], [181508.31123339667], [182410.49513121936], [181600.4954517015], [180267.32604389367], [181527.504376945], [181855.88690231592], [182172.03494773855], [181846.5991881563], [182078.3884571974], [181787.58300265827], [181765.25008230557], [180356.8895380748], [181197.2966672165], [181612.9026319057], [181937.91095392845], [182399.2400531578], [181628.74976620096], [180956.35835409423], [181285.3693914861], [181624.64891209305], [182347.77409296524], [181082.7414850724], [181352.0578790415], [181542.5002843474], [181217.73692264385], [182231.52030957333], [181680.6179552958], [181688.30026893463], [182459.4133956689], [182110.03046290265], [181967.65425399604], [180862.3760444969], [181963.1955143312], [180828.5208768295], [181677.00069866108], [181524.02640288847], [181538.485849382], [181636.22107783897], [181401.04741556605], [181810.67822712837], [183058.85434564392], [181984.13095395316], [182029.4319124221], [181218.402105956], [181119.21843305544], [181567.511511148], [181927.9797390309], [182321.3680902717], [181797.23236500792], [181113.45691650463], [181108.92299718928], [181912.33010825043], [182317.880260174], [182437.33755858967], [182306.68451700025], [181531.54630285996], [181360.4650019326], [181870.4152368111]], "@type": "numpy.ndarray"}, "unit": "kilojoule / mole", "@type": "openff.evaluator.unit.Quantity"}, "gradients": [], "@type": "openff.evaluator.utils.observables.ObservableArray"},