{".current_iteration": 4, "6488|conditional_group_equilibration_component_1/6488|equilibration_simulation_component_1.output_coordinate_file": "working-directory/PreequilibratedSimulationLayer/e1d7979b299b4851bbf5a3936bc56b9f/6488_conditional_group_equilibration_component_1/6488_equilibration_simulation_component_1/output.pdb", "6488|conditional_group_equilibration_component_1/6488|equilibration_simulation_component_1.trajectory_file_path": "working-directory/PreequilibratedSimulationLayer/e1d7979b299b4851bbf5a3936bc56b9f/6488_conditional_group_equilibration_component_1/6488_equilibration_simulation_component_1/trajectory.dcd", "6488|conditional_group_equilibration_component_1/6488|equilibration_simulation_component_1.observables": {"observables": {"PotentialEnergy": {"value": {"value": {"value": [[-51350.92875878757], [-51446.09891753295], [-51703.369878606405], [-51592.85177716636], [-51673.2465782566], [-51920.12792938855], [-51716.19831478875], [-51649.73862018692], [-51725.82236412971], [-51608.147776006255], [-51057.43727287045], [-51840.702814786346], [-51656.91487311584], [-51316.56901727372], [-51676.38815956353], [-51539.54339497269], [-51614.41066800628], [-51446.32512996555], [-51409.17242004711], [-51375.270695228246], [-51692.54959158762], [-51429.9024195933], [-51406.92732502031], [-51796.735961115104], [-51663.48731157731], [-51241.23578436882], [-51722.72211771563], [-51429.88129671349], [-51020.46013913676], [-51422.307315454585], [-51539.61297905177], [-51426.07737041486], [-51571.76666361594], [-51359.02701898816], [-51301.598630592576], [-51792.33389508608], [-51396.369340933394], [-51653.654064071714], [-51286.628013969166], [-51560.98412073613], [-51482.72953418642], [-51178.52886788489], [-51288.21298251266], [-51347.35100720253], [-51647.2983718093], [-51902.06562349096], [-51127.71234148927], [-51334.51709133305], [-51558.65195577336], [-51466.77010081767], [-51694.49583508924], [-51854.45070836984], [-51480.92861097085], [-51373.00835638493], [-51981.42885229853], [-51322.71169147], [-51290.65941273631], [-51483.38045920781], [-51763.0637904678], [-51616.78039716149], [-51543.56638884416], [-51636.9561083517], [-51714.286100953934], [-51532.052521532285], [-51049.73380951304], [-51791.619002833846], [-51317.72677888896], [-51656.12881562626], [-51439.63874228438], [-51389.13305681711], [-51775.79025641817], [-51835.32579356537], [-51740.95580124389], [-51810.69543351582], [-51576.026982688345], [-51693.3183883474], [-51056.41173318995], [-51336.79054506263], [-51399.69023123244], [-51253.34156957385]], "@type": "numpy.ndarray"}, "unit": "kilojoule / mole", "@type": "openff.evaluator.unit.Quantity"}, "gradients": [], "@type": "openff.evaluator.utils.observables.ObservableArray"}, "KineticEnergy": {"value": {"value": {"value": [[7555.070589428579], [7329.599379301198], [7479.162213113006], [7227.339245749275], [7515.899563611209], [7346.412404741858], [7446.370139757231], [7569.863995665807], [7597.207668640685], [7445.317618414267], [7478.724921057431], [7341.185414073289], [7669.211871350137], [7236.046296627672], [7702.123124741601], [7563.7120264760115], [7342.343933375208], [7289.080666737126], [7262.963013745809], [7439.69033550117], [7512.204472206953], [7345.838191709603], [7455.087897492366], [7451.159638942023], [7300.234549874222], [7295.39493745225], [7357.346988610912], [7398.147776476599], [7553.168824822747], [7321.464585027906], [7591.364032553428], [7330.362100678187], [7507.712850110695], [7218.847530714565], [7170.413210811859], [7491.881554860888], [7423.930521899298], [7005.691524789151], [7545.644456889707], [7612.037534922514], [7464.228700702633], [7393.916432618676], [7453.465325930556], [7424.371819942145], [7721.731642007531], [7621.164329109005], [7277.517365447563], [7278.832696918399], [7511.574172100013], [7453.233540470407], [7434.851739787511], [7317.491537536245], [7462.079955441401], [7567.200656670786], [7359.734476285039], [7158.773024055582], [7218.68894718089], [7388.923167804469], [7174.764883869034], [7596.91838737607], [7296.149211015212], [7468.817172737527], [7439.54746127195], [7371.078157539801], [7269.106947246753], [7394.761807566377], [7528.576252518217], [7402.66319549694], [7299.535196698923], [7276.544389015858], [7352.19772809312], [7529.371935507776], [7417.06504956017], [7466.856351191442], [7809.279782141112], [7281.046565384947], [7415.359770751114], [7452.264802123974], [7190.24708560913], [7249.047499301726]], "@type": "numpy.ndarray"}, "unit": "kilojoule / mole", "@type": "openff.evaluator.unit.Quantity"}, "gradients": [], "@type": "openff.evaluator.utils.observables.ObservableArray"}, "TotalEnergy": {"value": {"value": {"value": [[-43795.858169359], [-44116.49953823175], [-44224.2076654934], [-44365.51253141709], [-44157.34701464539], [-44573.71552464669], [-44269.82817503152], [-44079.87462452112], [-44128.61469548902], [-44162.83015759199], [-43578.71235181302], [-44499.517400713055], [-43987.703001765694], [-44080.522720646055], [-43974.26503482193], [-43975.83136849668], [-44272.06673463107], [-44157.24446322842], [-44146.2094063013], [-43935.58035972708], [-44180.34511938067], [-44084.0642278837], [-43951.83942752794], [-44345.57632217308], [-44363.25276170309], [-43945.84084691657], [-44365.37512910472], [-44031.733520236885], [-43467.29131431402], [-44100.84273042668], [-43948.248946498345], [-44095.71526973667], [-44064.05381350525], [-44140.17948827359], [-44131.18541978072], [-44300.45234022519], [-43972.4388190341], [-44647.96253928256], [-43740.98355707946], [-43948.94658581362], [-44018.50083348379], [-43784.612435266215], [-43834.747656582105], [-43922.97918726038], [-43925.56672980177], [-44280.90129438195], [-43850.194976041705], [-44055.68439441465], [-44047.07778367334], [-44013.53656034726], [-44259.64409530173], [-44536.9591708336], [-44018.84865552945], [-43805.80769971415], [-44621.69437601349], [-44163.93866741442], [-44071.970465555416], [-44094.45729140334], [-44588.29890659877], [-44019.86200978542], [-44247.41717782895], [-44168.13893561417], [-44274.73863968199], [-44160.974363992485], [-43780.62686226629], [-44396.85719526747], [-43789.15052637074], [-44253.46562012932], [-44140.10354558546], [-44112.58866780125], [-44423.592528325054], [-44305.95385805759], [-44323.89075168372], [-44343.83908232438], [-43766.74720054723], [-44412.27182296245], [-43641.05196243883], [-43884.525742938655], [-44209.44314562331], [-44004.294070272124]], "@type": "numpy.ndarray"}, "unit": "kilojoule / mole", "@type": "openff.evaluator.unit.Quantity"}, "gradients": [], "@type": "openff.evaluator.utils.observables.ObservableArray"},